{
  "Multi-Model (equal)": {
    "rouge1": 0.1592460549054575,
    "rouge2": 0.14083819588909807,
    "rougeL": 0.1559008274299892,
    "bleu": 0.07634994078240596,
    "exact_match": 0.0
  },
  "Multi-Model (dynamic)": {
    "rouge1": 0.15756398849856992,
    "rouge2": 0.11600641778113416,
    "rougeL": 0.14216937496073756,
    "bleu": 0.0642165144286588,
    "exact_match": 0.0
  },
  "Multi-Model (complementary)": {
    "rouge1": 0.17058381894424215,
    "rouge2": 0.1387475111238891,
    "rougeL": 0.1615336729077948,
    "bleu": 0.0688672180309227,
    "exact_match": 0.0
  }
}